id,Name,Height,Weight,HP,Attack,Defense,Sp.Attack,Sp.Defense,Speed,Type,BST,IsBasic
1,bulbasaur,0.7,6.9,45,49,49,65,65,45,grass poison,318,No
2,ivysaur,1.0,13.0,60,62,63,80,80,60,grass poison,405,No
3,venusaur,2.0,100.0,80,82,83,100,100,80,grass poison,525,No
4,charmander,0.6,8.5,39,52,43,60,50,65,fire,309,No
5,charmeleon,1.1,19.0,58,64,58,80,65,80,fire,405,No
6,charizard,1.7,90.5,78,84,78,109,85,100,fire flying,534,No
7,squirtle,0.5,9.0,44,48,65,50,64,43,water,314,No
8,wartortle,1.0,22.5,59,63,80,65,80,58,water,405,No
9,blastoise,1.6,85.5,79,83,100,85,105,78,water,530,No
10,caterpie,0.3,2.9,45,30,35,20,20,45,bug,195,No
11,metapod,0.7,9.9,50,20,55,25,25,30,bug,205,No
12,butterfree,1.1,32.0,60,45,50,90,80,70,bug flying,395,No
13,weedle,0.3,3.2,40,35,30,20,20,50,bug poison,195,No
14,kakuna,0.6,10.0,45,25,50,25,25,35,bug poison,205,No
15,beedrill,1.0,29.5,65,90,40,45,80,75,bug poison,395,No
16,pidgey,0.3,1.8,40,45,40,35,35,56,normal flying,251,No
17,pidgeotto,1.1,30.0,63,60,55,50,50,71,normal flying,349,No
18,pidgeot,1.5,39.5,83,80,75,70,70,101,normal flying,479,No
19,rattata,0.3,3.5,30,56,35,25,35,72,normal,253,No
20,raticate,0.7,18.5,55,81,60,50,70,97,normal,413,No
21,spearow,0.3,2.0,40,60,30,31,31,70,normal flying,262,No
22,fearow,1.2,38.0,65,90,65,61,61,100,normal flying,442,No
23,ekans,2.0,6.9,35,60,44,40,54,55,poison,288,No
24,arbok,3.5,65.0,60,95,69,65,79,80,poison,448,No
25,pikachu,0.4,6.0,35,55,40,50,50,90,electric,320,No
26,raichu,0.8,30.0,60,90,55,90,80,110,electric,485,No
27,sandshrew,0.6,12.0,50,75,85,20,30,40,ground,300,No
28,sandslash,1.0,29.5,75,100,110,45,55,65,ground,450,No
29,nidoran-f,0.4,7.0,55,47,52,40,40,41,poison,275,No
30,nidorina,0.8,20.0,70,62,67,55,55,56,poison,365,No
31,nidoqueen,1.3,60.0,90,92,87,75,85,76,poison ground,505,No
32,nidoran-m,0.5,9.0,46,57,40,40,40,50,poison,273,No
33,nidorino,0.9,19.5,61,72,57,55,55,65,poison,365,No
34,nidoking,1.4,62.0,81,102,77,85,75,85,poison ground,505,No
35,clefairy,0.6,7.5,70,45,48,60,65,35,fairy,323,No
36,clefable,1.3,40.0,95,70,73,95,90,60,fairy,483,No
37,vulpix,0.6,9.9,38,41,40,50,65,65,fire,299,No
38,ninetales,1.1,19.9,73,76,75,81,100,100,fire,505,No
39,jigglypuff,0.5,5.5,115,45,20,45,25,20,normal fairy,270,No
40,wigglytuff,1.0,12.0,140,70,45,85,50,45,normal fairy,435,No
41,zubat,0.8,7.5,40,45,35,30,40,55,poison flying,245,No
42,golbat,1.6,55.0,75,80,70,65,75,90,poison flying,455,No
43,oddish,0.5,5.4,45,50,55,75,65,30,grass poison,320,No
44,gloom,0.8,8.6,60,65,70,85,75,40,grass poison,395,No
45,vileplume,1.2,18.6,75,80,85,110,90,50,grass poison,490,No
46,paras,0.3,5.4,35,70,55,45,55,25,bug grass,285,No
47,parasect,1.0,29.5,60,95,80,60,80,30,bug grass,405,No
48,venonat,1.0,30.0,60,55,50,40,55,45,bug poison,305,No
49,venomoth,1.5,12.5,70,65,60,90,75,90,bug poison,450,No
50,diglett,0.2,0.8,10,55,25,35,45,95,ground,265,No
51,dugtrio,0.7,33.3,35,100,50,50,70,120,ground,425,No
52,meowth,0.4,4.2,40,45,35,40,40,90,normal,290,No
53,persian,1.0,32.0,65,70,60,65,65,115,normal,440,No
54,psyduck,0.8,19.6,50,52,48,65,50,55,water,320,No
55,golduck,1.7,76.6,80,82,78,95,80,85,water,500,No
56,mankey,0.5,28.0,40,80,35,35,45,70,fighting,305,No
57,primeape,1.0,32.0,65,105,60,60,70,95,fighting,455,No
58,growlithe,0.7,19.0,55,70,45,70,50,60,fire,350,No
59,arcanine,1.9,155.0,90,110,80,100,80,95,fire,555,No
60,poliwag,0.6,12.4,40,50,40,40,40,90,water,300,No
61,poliwhirl,1.0,20.0,65,65,65,50,50,90,water,385,No
62,poliwrath,1.3,54.0,90,95,95,70,90,70,water fighting,510,No
63,abra,0.9,19.5,25,20,15,105,55,90,psychic,310,No
64,kadabra,1.3,56.5,40,35,30,120,70,105,psychic,400,No
65,alakazam,1.5,48.0,55,50,45,135,95,120,psychic,500,No
66,machop,0.8,19.5,70,80,50,35,35,35,fighting,305,No
67,machoke,1.5,70.5,80,100,70,50,60,45,fighting,405,No
68,machamp,1.6,130.0,90,130,80,65,85,55,fighting,505,No
69,bellsprout,0.7,4.0,50,75,35,70,30,40,grass poison,300,No
70,weepinbell,1.0,6.4,65,90,50,85,45,55,grass poison,390,No
71,victreebel,1.7,15.5,80,105,65,100,70,70,grass poison,490,No
72,tentacool,0.9,45.5,40,40,35,50,100,70,water poison,335,No
73,tentacruel,1.6,55.0,80,70,65,80,120,100,water poison,515,No
74,geodude,0.4,20.0,40,80,100,30,30,20,rock ground,300,No
75,graveler,1.0,105.0,55,95,115,45,45,35,rock ground,390,No
76,golem,1.4,300.0,80,120,130,55,65,45,rock ground,495,No
77,ponyta,1.0,30.0,50,85,55,65,65,90,fire,410,No
78,rapidash,1.7,95.0,65,100,70,80,80,105,fire,500,No
79,slowpoke,1.2,36.0,90,65,65,40,40,15,water psychic,315,No
80,slowbro,1.6,78.5,95,75,110,100,80,30,water psychic,490,No
81,magnemite,0.3,6.0,25,35,70,95,55,45,electric steel,325,No
82,magneton,1.0,60.0,50,60,95,120,70,70,electric steel,465,No
83,farfetchd,0.8,15.0,52,90,55,58,62,60,normal flying,377,No
84,doduo,1.4,39.2,35,85,45,35,35,75,normal flying,310,No
85,dodrio,1.8,85.2,60,110,70,60,60,110,normal flying,470,No
86,seel,1.1,90.0,65,45,55,45,70,45,water,325,No
87,dewgong,1.7,120.0,90,70,80,70,95,70,water ice,475,No
88,grimer,0.9,30.0,80,80,50,40,50,25,poison,325,No
89,muk,1.2,30.0,105,105,75,65,100,50,poison,500,No
90,shellder,0.3,4.0,30,65,100,45,25,40,water,305,No
91,cloyster,1.5,132.5,50,95,180,85,45,70,water ice,525,No
92,gastly,1.3,0.1,30,35,30,100,35,80,ghost poison,310,No
93,haunter,1.6,0.1,45,50,45,115,55,95,ghost poison,405,No
94,gengar,1.5,40.5,60,65,60,130,75,110,ghost poison,500,No
95,onix,8.8,210.0,35,45,160,30,45,70,rock ground,385,No
96,drowzee,1.0,32.4,60,48,45,43,90,42,psychic,328,No
97,hypno,1.6,75.6,85,73,70,73,115,67,psychic,483,No
98,krabby,0.4,6.5,30,105,90,25,25,50,water,325,No
99,kingler,1.3,60.0,55,130,115,50,50,75,water,475,No
100,voltorb,0.5,10.4,40,30,50,55,55,100,electric,330,No
101,electrode,1.2,66.6,60,50,70,80,80,150,electric,490,No
102,exeggcute,0.4,2.5,60,40,80,60,45,40,grass psychic,325,No
103,exeggutor,2.0,120.0,95,95,85,125,75,55,grass psychic,530,No
104,cubone,0.4,6.5,50,50,95,40,50,35,ground,320,No
105,marowak,1.0,45.0,60,80,110,50,80,45,ground,425,No
106,hitmonlee,1.5,49.8,50,120,53,35,110,87,fighting,455,No
107,hitmonchan,1.4,50.2,50,105,79,35,110,76,fighting,455,No
108,lickitung,1.2,65.5,90,55,75,60,75,30,normal,385,No
109,koffing,0.6,1.0,40,65,95,60,45,35,poison,340,No
110,weezing,1.2,9.5,65,90,120,85,70,60,poison,490,No
111,rhyhorn,1.0,115.0,80,85,95,30,30,25,ground rock,345,No
112,rhydon,1.9,120.0,105,130,120,45,45,40,ground rock,485,No
113,chansey,1.1,34.6,250,5,5,35,105,50,normal,450,No
114,tangela,1.0,35.0,65,55,115,100,40,60,grass,435,No
115,kangaskhan,2.2,80.0,105,95,80,40,80,90,normal,490,Yes
116,horsea,0.4,8.0,30,40,70,70,25,60,water,295,No
117,seadra,1.2,25.0,55,65,95,95,45,85,water,440,No
118,goldeen,0.6,15.0,45,67,60,35,50,63,water,320,No
119,seaking,1.3,39.0,80,92,65,65,80,68,water,450,No
120,staryu,0.8,34.5,30,45,55,70,55,85,water,340,No
121,starmie,1.1,80.0,60,75,85,100,85,115,water psychic,520,No
122,mr-mime,1.3,54.5,40,45,65,100,120,90,psychic fairy,460,No
123,scyther,1.5,56.0,70,110,80,55,80,105,bug flying,500,No
124,jynx,1.4,40.6,65,50,35,115,95,95,ice psychic,455,No
125,electabuzz,1.1,30.0,65,83,57,95,85,105,electric,490,No
126,magmar,1.3,44.5,65,95,57,100,85,93,fire,495,No
127,pinsir,1.5,55.0,65,125,100,55,70,85,bug,500,Yes
128,tauros,1.4,88.4,75,100,95,40,70,110,normal,490,Yes
129,magikarp,0.9,10.0,20,10,55,15,20,80,water,200,No
130,gyarados,6.5,235.0,95,125,79,60,100,81,water flying,540,No
131,lapras,2.5,220.0,130,85,80,85,95,60,water ice,535,Yes
132,ditto,0.3,4.0,48,48,48,48,48,48,normal,288,Yes
133,eevee,0.3,6.5,55,55,50,45,65,55,normal,325,No
134,vaporeon,1.0,29.0,130,65,60,110,95,65,water,525,No
135,jolteon,0.8,24.5,65,65,60,110,95,130,electric,525,No
136,flareon,0.9,25.0,65,130,60,95,110,65,fire,525,No
137,porygon,0.8,36.5,65,60,70,85,75,40,normal,395,No
138,omanyte,0.4,7.5,35,40,100,90,55,35,rock water,355,No
139,omastar,1.0,35.0,70,60,125,115,70,55,rock water,495,No
140,kabuto,0.5,11.5,30,80,90,55,45,55,rock water,355,No
141,kabutops,1.3,40.5,60,115,105,65,70,80,rock water,495,No
142,aerodactyl,1.8,59.0,80,105,65,60,75,130,rock flying,515,Yes
143,snorlax,2.1,460.0,160,110,65,65,110,30,normal,540,No
144,articuno,1.7,55.4,90,85,100,95,125,85,ice flying,580,Yes
145,zapdos,1.6,52.6,90,90,85,125,90,100,electric flying,580,Yes
146,moltres,2.0,60.0,90,100,90,125,85,90,fire flying,580,Yes
147,dratini,1.8,3.3,41,64,45,50,50,50,dragon,300,No
148,dragonair,4.0,16.5,61,84,65,70,70,70,dragon,420,No
149,dragonite,2.2,210.0,91,134,95,100,100,80,dragon flying,600,No
150,mewtwo,2.0,122.0,106,110,90,154,90,130,psychic,680,Yes
151,mew,0.4,4.0,100,100,100,100,100,100,psychic,600,Yes
152,chikorita,0.9,6.4,45,49,65,49,65,45,grass,318,No
153,bayleef,1.2,15.8,60,62,80,63,80,60,grass,405,No
154,meganium,1.8,100.5,80,82,100,83,100,80,grass,525,No
155,cyndaquil,0.5,7.9,39,52,43,60,50,65,fire,309,No
156,quilava,0.9,19.0,58,64,58,80,65,80,fire,405,No
157,typhlosion,1.7,79.5,78,84,78,109,85,100,fire,534,No
158,totodile,0.6,9.5,50,65,64,44,48,43,water,314,No
159,croconaw,1.1,25.0,65,80,80,59,63,58,water,405,No
160,feraligatr,2.3,88.8,85,105,100,79,83,78,water,530,No
161,sentret,0.8,6.0,35,46,34,35,45,20,normal,215,No
162,furret,1.8,32.5,85,76,64,45,55,90,normal,415,No
163,hoothoot,0.7,21.2,60,30,30,36,56,50,normal flying,262,No
164,noctowl,1.6,40.8,100,50,50,86,96,70,normal flying,452,No
165,ledyba,1.0,10.8,40,20,30,40,80,55,bug flying,265,No
166,ledian,1.4,35.6,55,35,50,55,110,85,bug flying,390,No
167,spinarak,0.5,8.5,40,60,40,40,40,30,bug poison,250,No
168,ariados,1.1,33.5,70,90,70,60,70,40,bug poison,400,No
169,crobat,1.8,75.0,85,90,80,70,80,130,poison flying,535,No
170,chinchou,0.5,12.0,75,38,38,56,56,67,water electric,330,No
171,lanturn,1.2,22.5,125,58,58,76,76,67,water electric,460,No
172,pichu,0.3,2.0,20,40,15,35,35,60,electric,205,No
173,cleffa,0.3,3.0,50,25,28,45,55,15,fairy,218,No
174,igglybuff,0.3,1.0,90,30,15,40,20,15,normal fairy,210,No
175,togepi,0.3,1.5,35,20,65,40,65,20,fairy,245,No
176,togetic,0.6,3.2,55,40,85,80,105,40,fairy flying,405,No
177,natu,0.2,2.0,40,50,45,70,45,70,psychic flying,320,No
178,xatu,1.5,15.0,65,75,70,95,70,95,psychic flying,470,No
179,mareep,0.6,7.8,55,40,40,65,45,35,electric,280,No
180,flaaffy,0.8,13.3,70,55,55,80,60,45,electric,365,No
181,ampharos,1.4,61.5,90,75,85,115,90,55,electric,510,No
182,bellossom,0.4,5.8,75,80,95,90,100,50,grass,490,No
183,marill,0.4,8.5,70,20,50,20,50,40,water fairy,250,No
184,azumarill,0.8,28.5,100,50,80,60,80,50,water fairy,420,No
185,sudowoodo,1.2,38.0,70,100,115,30,65,30,rock,410,No
186,politoed,1.1,33.9,90,75,75,90,100,70,water,500,No
187,hoppip,0.4,0.5,35,35,40,35,55,50,grass flying,250,No
188,skiploom,0.6,1.0,55,45,50,45,65,80,grass flying,340,No
189,jumpluff,0.8,3.0,75,55,70,55,95,110,grass flying,460,No
190,aipom,0.8,11.5,55,70,55,40,55,85,normal,360,No
191,sunkern,0.3,1.8,30,30,30,30,30,30,grass,180,No
192,sunflora,0.8,8.5,75,75,55,105,85,30,grass,425,No
193,yanma,1.2,38.0,65,65,45,75,45,95,bug flying,390,No
194,wooper,0.4,8.5,55,45,45,25,25,15,water ground,210,No
195,quagsire,1.4,75.0,95,85,85,65,65,35,water ground,430,No
196,espeon,0.9,26.5,65,65,60,130,95,110,psychic,525,No
197,umbreon,1.0,27.0,95,65,110,60,130,65,dark,525,No
198,murkrow,0.5,2.1,60,85,42,85,42,91,dark flying,405,No
199,slowking,2.0,79.5,95,75,80,100,110,30,water psychic,490,No
200,misdreavus,0.7,1.0,60,60,60,85,85,85,ghost,435,No
201,unown,0.5,5.0,48,72,48,72,48,48,psychic,336,Yes
202,wobbuffet,1.3,28.5,190,33,58,33,58,33,psychic,405,No
203,girafarig,1.5,41.5,70,80,65,90,65,85,normal psychic,455,No
204,pineco,0.6,7.2,50,65,90,35,35,15,bug,290,No
205,forretress,1.2,125.8,75,90,140,60,60,40,bug steel,465,No
206,dunsparce,1.5,14.0,100,70,70,65,65,45,normal,415,No
207,gligar,1.1,64.8,65,75,105,35,65,85,ground flying,430,No
208,steelix,9.2,400.0,75,85,200,55,65,30,steel ground,510,No
209,snubbull,0.6,7.8,60,80,50,40,40,30,fairy,300,No
210,granbull,1.4,48.7,90,120,75,60,60,45,fairy,450,No
211,qwilfish,0.5,3.9,65,95,85,55,55,85,water poison,440,No
212,scizor,1.8,118.0,70,130,100,55,80,65,bug steel,500,No
213,shuckle,0.6,20.5,20,10,230,10,230,5,bug rock,505,Yes
214,heracross,1.5,54.0,80,125,75,40,95,85,bug fighting,500,Yes
215,sneasel,0.9,28.0,55,95,55,35,75,115,dark ice,430,No
216,teddiursa,0.6,8.8,60,80,50,50,50,40,normal,330,No
217,ursaring,1.8,125.8,90,130,75,75,75,55,normal,500,No
218,slugma,0.7,35.0,40,40,40,70,40,20,fire,250,No
219,magcargo,0.8,55.0,60,50,120,90,80,30,fire rock,430,No
220,swinub,0.4,6.5,50,50,40,30,30,50,ice ground,250,No
221,piloswine,1.1,55.8,100,100,80,60,60,50,ice ground,450,No
222,corsola,0.6,5.0,65,55,95,65,95,35,water rock,410,No
223,remoraid,0.6,12.0,35,65,35,65,35,65,water,300,No
224,octillery,0.9,28.5,75,105,75,105,75,45,water,480,No
225,delibird,0.9,16.0,45,55,45,65,45,75,ice flying,330,Yes
226,mantine,2.1,220.0,85,40,70,80,140,70,water flying,485,No
227,skarmory,1.7,50.5,65,80,140,40,70,70,steel flying,465,Yes
228,houndour,0.6,10.8,45,60,30,80,50,65,dark fire,330,No
229,houndoom,1.4,35.0,75,90,50,110,80,95,dark fire,500,No
230,kingdra,1.8,152.0,75,95,95,95,95,85,water dragon,540,No
231,phanpy,0.5,33.5,90,60,60,40,40,40,ground,330,No
232,donphan,1.1,120.0,90,120,120,60,60,50,ground,500,No
233,porygon2,0.6,32.5,85,80,90,105,95,60,normal,515,No
234,stantler,1.4,71.2,73,95,62,85,65,85,normal,465,No
235,smeargle,1.2,58.0,55,20,35,20,45,75,normal,250,Yes
236,tyrogue,0.7,21.0,35,35,35,35,35,35,fighting,210,No
237,hitmontop,1.4,48.0,50,95,95,35,110,70,fighting,455,No
238,smoochum,0.4,6.0,45,30,15,85,65,65,ice psychic,305,No
239,elekid,0.6,23.5,45,63,37,65,55,95,electric,360,No
240,magby,0.7,21.4,45,75,37,70,55,83,fire,365,No
241,miltank,1.2,75.5,95,80,105,40,70,100,normal,490,Yes
242,blissey,1.5,46.8,255,10,10,75,135,55,normal,540,No
243,raikou,1.9,178.0,90,85,75,115,100,115,electric,580,Yes
244,entei,2.1,198.0,115,115,85,90,75,100,fire,580,Yes
245,suicune,2.0,187.0,100,75,115,90,115,85,water,580,Yes
246,larvitar,0.6,72.0,50,64,50,45,50,41,rock ground,300,No
247,pupitar,1.2,152.0,70,84,70,65,70,51,rock ground,410,No
248,tyranitar,2.0,202.0,100,134,110,95,100,61,rock dark,600,No
249,lugia,5.2,216.0,106,90,130,90,154,110,psychic flying,680,Yes
250,ho-oh,3.8,199.0,106,130,90,110,154,90,fire flying,680,Yes
251,celebi,0.6,5.0,100,100,100,100,100,100,psychic grass,600,Yes
252,treecko,0.5,5.0,40,45,35,65,55,70,grass,310,No
253,grovyle,0.9,21.6,50,65,45,85,65,95,grass,405,No
254,sceptile,1.7,52.2,70,85,65,105,85,120,grass,530,No
255,torchic,0.4,2.5,45,60,40,70,50,45,fire,310,No
256,combusken,0.9,19.5,60,85,60,85,60,55,fire fighting,405,No
257,blaziken,1.9,52.0,80,120,70,110,70,80,fire fighting,530,No
258,mudkip,0.4,7.6,50,70,50,50,50,40,water,310,No
259,marshtomp,0.7,28.0,70,85,70,60,70,50,water ground,405,No
260,swampert,1.5,81.9,100,110,90,85,90,60,water ground,535,No
261,poochyena,0.5,13.6,35,55,35,30,30,35,dark,220,No
262,mightyena,1.0,37.0,70,90,70,60,60,70,dark,420,No
263,zigzagoon,0.4,17.5,38,30,41,30,41,60,normal,240,No
264,linoone,0.5,32.5,78,70,61,50,61,100,normal,420,No
265,wurmple,0.3,3.6,45,45,35,20,30,20,bug,195,No
266,silcoon,0.6,10.0,50,35,55,25,25,15,bug,205,No
267,beautifly,1.0,28.4,60,70,50,100,50,65,bug flying,395,No
268,cascoon,0.7,11.5,50,35,55,25,25,15,bug,205,No
269,dustox,1.2,31.6,60,50,70,50,90,65,bug poison,385,No
270,lotad,0.5,2.6,40,30,30,40,50,30,water grass,220,No
271,lombre,1.2,32.5,60,50,50,60,70,50,water grass,340,No
272,ludicolo,1.5,55.0,80,70,70,90,100,70,water grass,480,No
273,seedot,0.5,4.0,40,40,50,30,30,30,grass,220,No
274,nuzleaf,1.0,28.0,70,70,40,60,40,60,grass dark,340,No
275,shiftry,1.3,59.6,90,100,60,90,60,80,grass dark,480,No
276,taillow,0.3,2.3,40,55,30,30,30,85,normal flying,270,No
277,swellow,0.7,19.8,60,85,60,75,50,125,normal flying,455,No
278,wingull,0.6,9.5,40,30,30,55,30,85,water flying,270,No
279,pelipper,1.2,28.0,60,50,100,95,70,65,water flying,440,No
280,ralts,0.4,6.6,28,25,25,45,35,40,psychic fairy,198,No
281,kirlia,0.8,20.2,38,35,35,65,55,50,psychic fairy,278,No
282,gardevoir,1.6,48.4,68,65,65,125,115,80,psychic fairy,518,No
283,surskit,0.5,1.7,40,30,32,50,52,65,bug water,269,No
284,masquerain,0.8,3.6,70,60,62,100,82,80,bug flying,454,No
285,shroomish,0.4,4.5,60,40,60,40,60,35,grass,295,No
286,breloom,1.2,39.2,60,130,80,60,60,70,grass fighting,460,No
287,slakoth,0.8,24.0,60,60,60,35,35,30,normal,280,No
288,vigoroth,1.4,46.5,80,80,80,55,55,90,normal,440,No
289,slaking,2.0,130.5,150,160,100,95,65,100,normal,670,No
290,nincada,0.5,5.5,31,45,90,30,30,40,bug ground,266,No
291,ninjask,0.8,12.0,61,90,45,50,50,160,bug flying,456,No
292,shedinja,0.8,1.2,1,90,45,30,30,40,bug ghost,236,No
293,whismur,0.6,16.3,64,51,23,51,23,28,normal,240,No
294,loudred,1.0,40.5,84,71,43,71,43,48,normal,360,No
295,exploud,1.5,84.0,104,91,63,91,73,68,normal,490,No
296,makuhita,1.0,86.4,72,60,30,20,30,25,fighting,237,No
297,hariyama,2.3,253.8,144,120,60,40,60,50,fighting,474,No
298,azurill,0.2,2.0,50,20,40,20,40,20,normal fairy,190,No
299,nosepass,1.0,97.0,30,45,135,45,90,30,rock,375,No
300,skitty,0.6,11.0,50,45,45,35,35,50,normal,260,No
301,delcatty,1.1,32.6,70,65,65,55,55,90,normal,400,No
302,sableye,0.5,11.0,50,75,75,65,65,50,dark ghost,380,Yes
303,mawile,0.6,11.5,50,85,85,55,55,50,steel fairy,380,Yes
304,aron,0.4,60.0,50,70,100,40,40,30,steel rock,330,No
305,lairon,0.9,120.0,60,90,140,50,50,40,steel rock,430,No
306,aggron,2.1,360.0,70,110,180,60,60,50,steel rock,530,No
307,meditite,0.6,11.2,30,40,55,40,55,60,fighting psychic,280,No
308,medicham,1.3,31.5,60,60,75,60,75,80,fighting psychic,410,No
309,electrike,0.6,15.2,40,45,40,65,40,65,electric,295,No
310,manectric,1.5,40.2,70,75,60,105,60,105,electric,475,No
311,plusle,0.4,4.2,60,50,40,85,75,95,electric,405,Yes
312,minun,0.4,4.2,60,40,50,75,85,95,electric,405,Yes
313,volbeat,0.7,17.7,65,73,75,47,85,85,bug,430,Yes
314,illumise,0.6,17.7,65,47,75,73,85,85,bug,430,Yes
315,roselia,0.3,2.0,50,60,45,100,80,65,grass poison,400,No
316,gulpin,0.4,10.3,70,43,53,43,53,40,poison,302,No
317,swalot,1.7,80.0,100,73,83,73,83,55,poison,467,No
318,carvanha,0.8,20.8,45,90,20,65,20,65,water dark,305,No
319,sharpedo,1.8,88.8,70,120,40,95,40,95,water dark,460,No
320,wailmer,2.0,130.0,130,70,35,70,35,60,water,400,No
321,wailord,14.5,398.0,170,90,45,90,45,60,water,500,No
322,numel,0.7,24.0,60,60,40,65,45,35,fire ground,305,No
323,camerupt,1.9,220.0,70,100,70,105,75,40,fire ground,460,No
324,torkoal,0.5,80.4,70,85,140,85,70,20,fire,470,Yes
325,spoink,0.7,30.6,60,25,35,70,80,60,psychic,330,No
326,grumpig,0.9,71.5,80,45,65,90,110,80,psychic,470,No
327,spinda,1.1,5.0,60,60,60,60,60,60,normal,360,Yes
328,trapinch,0.7,15.0,45,100,45,45,45,10,ground,290,No
329,vibrava,1.1,15.3,50,70,50,50,50,70,ground dragon,340,No
330,flygon,2.0,82.0,80,100,80,80,80,100,ground dragon,520,No
331,cacnea,0.4,51.3,50,85,40,85,40,35,grass,335,No
332,cacturne,1.3,77.4,70,115,60,115,60,55,grass dark,475,No
333,swablu,0.4,1.2,45,40,60,40,75,50,normal flying,310,No
334,altaria,1.1,20.6,75,70,90,70,105,80,dragon flying,490,No
335,zangoose,1.3,40.3,73,115,60,60,60,90,normal,458,Yes
336,seviper,2.7,52.5,73,100,60,100,60,65,poison,458,Yes
337,lunatone,1.0,168.0,90,55,65,95,85,70,rock psychic,460,Yes
338,solrock,1.2,154.0,90,95,85,55,65,70,rock psychic,460,Yes
339,barboach,0.4,1.9,50,48,43,46,41,60,water ground,288,No
340,whiscash,0.9,23.6,110,78,73,76,71,60,water ground,468,No
341,corphish,0.6,11.5,43,80,65,50,35,35,water,308,No
342,crawdaunt,1.1,32.8,63,120,85,90,55,55,water dark,468,No
343,baltoy,0.5,21.5,40,40,55,40,70,55,ground psychic,300,No
344,claydol,1.5,108.0,60,70,105,70,120,75,ground psychic,500,No
345,lileep,1.0,23.8,66,41,77,61,87,23,rock grass,355,No
346,cradily,1.5,60.4,86,81,97,81,107,43,rock grass,495,No
347,anorith,0.7,12.5,45,95,50,40,50,75,rock bug,355,No
348,armaldo,1.5,68.2,75,125,100,70,80,45,rock bug,495,No
349,feebas,0.6,7.4,20,15,20,10,55,80,water,200,No
350,milotic,6.2,162.0,95,60,79,100,125,81,water,540,No
351,castform,0.3,0.8,70,70,70,70,70,70,normal,420,Yes
352,kecleon,1.0,22.0,60,90,70,60,120,40,normal,440,Yes
353,shuppet,0.6,2.3,44,75,35,63,33,45,ghost,295,No
354,banette,1.1,12.5,64,115,65,83,63,65,ghost,455,No
355,duskull,0.8,15.0,20,40,90,30,90,25,ghost,295,No
356,dusclops,1.6,30.6,40,70,130,60,130,25,ghost,455,No
357,tropius,2.0,100.0,99,68,83,72,87,51,grass flying,460,Yes
358,chimecho,0.6,1.0,75,50,80,95,90,65,psychic,455,No
359,absol,1.2,47.0,65,130,60,75,60,75,dark,465,Yes
360,wynaut,0.6,14.0,95,23,48,23,48,23,psychic,260,No
361,snorunt,0.7,16.8,50,50,50,50,50,50,ice,300,No
362,glalie,1.5,256.5,80,80,80,80,80,80,ice,480,No
363,spheal,0.8,39.5,70,40,50,55,50,25,ice water,290,No
364,sealeo,1.1,87.6,90,60,70,75,70,45,ice water,410,No
365,walrein,1.4,150.6,110,80,90,95,90,65,ice water,530,No
366,clamperl,0.4,52.5,35,64,85,74,55,32,water,345,No
367,huntail,1.7,27.0,55,104,105,94,75,52,water,485,No
368,gorebyss,1.8,22.6,55,84,105,114,75,52,water,485,No
369,relicanth,1.0,23.4,100,90,130,45,65,55,water rock,485,Yes
370,luvdisc,0.6,8.7,43,30,55,40,65,97,water,330,Yes
371,bagon,0.6,42.1,45,75,60,40,30,50,dragon,300,No
372,shelgon,1.1,110.5,65,95,100,60,50,50,dragon,420,No
373,salamence,1.5,102.6,95,135,80,110,80,100,dragon flying,600,No
374,beldum,0.6,95.2,40,55,80,35,60,30,steel psychic,300,No
375,metang,1.2,202.5,60,75,100,55,80,50,steel psychic,420,No
376,metagross,1.6,550.0,80,135,130,95,90,70,steel psychic,600,No
377,regirock,1.7,230.0,80,100,200,50,100,50,rock,580,Yes
378,regice,1.8,175.0,80,50,100,100,200,50,ice,580,Yes
379,registeel,1.9,205.0,80,75,150,75,150,50,steel,580,Yes
380,latias,1.4,40.0,80,80,90,110,130,110,dragon psychic,600,Yes
381,latios,2.0,60.0,80,90,80,130,110,110,dragon psychic,600,Yes
382,kyogre,4.5,352.0,100,100,90,150,140,90,water,670,Yes
383,groudon,3.5,950.0,100,150,140,100,90,90,ground,670,Yes
384,rayquaza,7.0,206.5,105,150,90,150,90,95,dragon flying,680,Yes
385,jirachi,0.3,1.1,100,100,100,100,100,100,steel psychic,600,Yes
386,deoxys,1.7,60.8,50,150,50,150,50,150,psychic,600,Yes
387,turtwig,0.4,10.2,55,68,64,45,55,31,grass,318,No
388,grotle,1.1,97.0,75,89,85,55,65,36,grass,405,No
389,torterra,2.2,310.0,95,109,105,75,85,56,grass ground,525,No
390,chimchar,0.5,6.2,44,58,44,58,44,61,fire,309,No
391,monferno,0.9,22.0,64,78,52,78,52,81,fire fighting,405,No
392,infernape,1.2,55.0,76,104,71,104,71,108,fire fighting,534,No
393,piplup,0.4,5.2,53,51,53,61,56,40,water,314,No
394,prinplup,0.8,23.0,64,66,68,81,76,50,water,405,No
395,empoleon,1.7,84.5,84,86,88,111,101,60,water steel,530,No
396,starly,0.3,2.0,40,55,30,30,30,60,normal flying,245,No
397,staravia,0.6,15.5,55,75,50,40,40,80,normal flying,340,No
398,staraptor,1.2,24.9,85,120,70,50,60,100,normal flying,485,No
399,bidoof,0.5,20.0,59,45,40,35,40,31,normal,250,No
400,bibarel,1.0,31.5,79,85,60,55,60,71,normal water,410,No
401,kricketot,0.3,2.2,37,25,41,25,41,25,bug,194,No
402,kricketune,1.0,25.5,77,85,51,55,51,65,bug,384,No
403,shinx,0.5,9.5,45,65,34,40,34,45,electric,263,No
404,luxio,0.9,30.5,60,85,49,60,49,60,electric,363,No
405,luxray,1.4,42.0,80,120,79,95,79,70,electric,523,No
406,budew,0.2,1.2,40,30,35,50,70,55,grass poison,280,No
407,roserade,0.9,14.5,60,70,65,125,105,90,grass poison,515,No
408,cranidos,0.9,31.5,67,125,40,30,30,58,rock,350,No
409,rampardos,1.6,102.5,97,165,60,65,50,58,rock,495,No
410,shieldon,0.5,57.0,30,42,118,42,88,30,rock steel,350,No
411,bastiodon,1.3,149.5,60,52,168,47,138,30,rock steel,495,No
412,burmy,0.2,3.4,40,29,45,29,45,36,bug,224,No
413,wormadam,0.5,6.5,60,59,85,79,105,36,bug grass,424,No
414,mothim,0.9,23.3,70,94,50,94,50,66,bug flying,424,No
415,combee,0.3,5.5,30,30,42,30,42,70,bug flying,244,No
416,vespiquen,1.2,38.5,70,80,102,80,102,40,bug flying,474,No
417,pachirisu,0.4,3.9,60,45,70,45,90,95,electric,405,Yes
418,buizel,0.7,29.5,55,65,35,60,30,85,water,330,No
419,floatzel,1.1,33.5,85,105,55,85,50,115,water,495,No
420,cherubi,0.4,3.3,45,35,45,62,53,35,grass,275,No
421,cherrim,0.5,9.3,70,60,70,87,78,85,grass,450,No
422,shellos,0.3,6.3,76,48,48,57,62,34,water,325,No
423,gastrodon,0.9,29.9,111,83,68,92,82,39,water ground,475,No
424,ambipom,1.2,20.3,75,100,66,60,66,115,normal,482,No
425,drifloon,0.4,1.2,90,50,34,60,44,70,ghost flying,348,No
426,drifblim,1.2,15.0,150,80,44,90,54,80,ghost flying,498,No
427,buneary,0.4,5.5,55,66,44,44,56,85,normal,350,No
428,lopunny,1.2,33.3,65,76,84,54,96,105,normal,480,No
429,mismagius,0.9,4.4,60,60,60,105,105,105,ghost,495,No
430,honchkrow,0.9,27.3,100,125,52,105,52,71,dark flying,505,No
431,glameow,0.5,3.9,49,55,42,42,37,85,normal,310,No
432,purugly,1.0,43.8,71,82,64,64,59,112,normal,452,No
433,chingling,0.2,0.6,45,30,50,65,50,45,psychic,285,No
434,stunky,0.4,19.2,63,63,47,41,41,74,poison dark,329,No
435,skuntank,1.0,38.0,103,93,67,71,61,84,poison dark,479,No
436,bronzor,0.5,60.5,57,24,86,24,86,23,steel psychic,300,No
437,bronzong,1.3,187.0,67,89,116,79,116,33,steel psychic,500,No
438,bonsly,0.5,15.0,50,80,95,10,45,10,rock,290,No
439,mime-jr,0.6,13.0,20,25,45,70,90,60,psychic fairy,310,No
440,happiny,0.6,24.4,100,5,5,15,65,30,normal,220,No
441,chatot,0.5,1.9,76,65,45,92,42,91,normal flying,411,Yes
442,spiritomb,1.0,108.0,50,92,108,92,108,35,ghost dark,485,Yes
443,gible,0.7,20.5,58,70,45,40,45,42,dragon ground,300,No
444,gabite,1.4,56.0,68,90,65,50,55,82,dragon ground,410,No
445,garchomp,1.9,95.0,108,130,95,80,85,102,dragon ground,600,No
446,munchlax,0.6,105.0,135,85,40,40,85,5,normal,390,No
447,riolu,0.7,20.2,40,70,40,35,40,60,fighting,285,No
448,lucario,1.2,54.0,70,110,70,115,70,90,fighting steel,525,No
449,hippopotas,0.8,49.5,68,72,78,38,42,32,ground,330,No
450,hippowdon,2.0,300.0,108,112,118,68,72,47,ground,525,No
451,skorupi,0.8,12.0,40,50,90,30,55,65,poison bug,330,No
452,drapion,1.3,61.5,70,90,110,60,75,95,poison dark,500,No
453,croagunk,0.7,23.0,48,61,40,61,40,50,poison fighting,300,No
454,toxicroak,1.3,44.4,83,106,65,86,65,85,poison fighting,490,No
455,carnivine,1.4,27.0,74,100,72,90,72,46,grass,454,Yes
456,finneon,0.4,7.0,49,49,56,49,61,66,water,330,No
457,lumineon,1.2,24.0,69,69,76,69,86,91,water,460,No
458,mantyke,1.0,65.0,45,20,50,60,120,50,water flying,345,No
459,snover,1.0,50.5,60,62,50,62,60,40,grass ice,334,No
460,abomasnow,2.2,135.5,90,92,75,92,85,60,grass ice,494,No
461,weavile,1.1,34.0,70,120,65,45,85,125,dark ice,510,No
462,magnezone,1.2,180.0,70,70,115,130,90,60,electric steel,535,No
463,lickilicky,1.7,140.0,110,85,95,80,95,50,normal,515,No
464,rhyperior,2.4,282.8,115,140,130,55,55,40,ground rock,535,No
465,tangrowth,2.0,128.6,100,100,125,110,50,50,grass,535,No
466,electivire,1.8,138.6,75,123,67,95,85,95,electric,540,No
467,magmortar,1.6,68.0,75,95,67,125,95,83,fire,540,No
468,togekiss,1.5,38.0,85,50,95,120,115,80,fairy flying,545,No
469,yanmega,1.9,51.5,86,76,86,116,56,95,bug flying,515,No
470,leafeon,1.0,25.5,65,110,130,60,65,95,grass,525,No
471,glaceon,0.8,25.9,65,60,110,130,95,65,ice,525,No
472,gliscor,2.0,42.5,75,95,125,45,75,95,ground flying,510,No
473,mamoswine,2.5,291.0,110,130,80,70,60,80,ice ground,530,No
474,porygon-z,0.9,34.0,85,80,70,135,75,90,normal,535,No
475,gallade,1.6,52.0,68,125,65,65,115,80,psychic fighting,518,No
476,probopass,1.4,340.0,60,55,145,75,150,40,rock steel,525,No
477,dusknoir,2.2,106.6,45,100,135,65,135,45,ghost,525,No
478,froslass,1.3,26.6,70,80,70,80,70,110,ice ghost,480,No
479,rotom,0.3,0.3,50,50,77,95,77,91,electric ghost,440,Yes
480,uxie,0.3,0.3,75,75,130,75,130,95,psychic,580,Yes
481,mesprit,0.3,0.3,80,105,105,105,105,80,psychic,580,Yes
482,azelf,0.3,0.3,75,125,70,125,70,115,psychic,580,Yes
483,dialga,5.4,683.0,100,120,120,150,100,90,steel dragon,680,Yes
484,palkia,4.2,336.0,90,120,100,150,120,100,water dragon,680,Yes
485,heatran,1.7,430.0,91,90,106,130,106,77,fire steel,600,Yes
486,regigigas,3.7,420.0,110,160,110,80,110,100,normal,670,Yes
487,giratina,4.5,750.0,150,100,120,100,120,90,ghost dragon,680,Yes
488,cresselia,1.5,85.6,120,70,110,75,120,85,psychic,580,Yes
489,phione,0.4,3.1,80,80,80,80,80,80,water,480,No
490,manaphy,0.3,1.4,100,100,100,100,100,100,water,600,No
491,darkrai,1.5,50.5,70,90,90,135,90,125,dark,600,Yes
492,shaymin,0.2,2.1,100,100,100,100,100,100,grass,600,Yes
493,arceus,3.2,320.0,120,120,120,120,120,120,normal,720,Yes
494,victini,0.4,4.0,100,100,100,100,100,100,psychic fire,600,Yes
495,snivy,0.6,8.1,45,45,55,45,55,63,grass,308,No
496,servine,0.8,16.0,60,60,75,60,75,83,grass,413,No
497,serperior,3.3,63.0,75,75,95,75,95,113,grass,528,No
498,tepig,0.5,9.9,65,63,45,45,45,45,fire,308,No
499,pignite,1.0,55.5,90,93,55,70,55,55,fire fighting,418,No
500,emboar,1.6,150.0,110,123,65,100,65,65,fire fighting,528,No
501,oshawott,0.5,5.9,55,55,45,63,45,45,water,308,No
502,dewott,0.8,24.5,75,75,60,83,60,60,water,413,No
503,samurott,1.5,94.6,95,100,85,108,70,70,water,528,No
504,patrat,0.5,11.6,45,55,39,35,39,42,normal,255,No
505,watchog,1.1,27.0,60,85,69,60,69,77,normal,420,No
506,lillipup,0.4,4.1,45,60,45,25,45,55,normal,275,No
507,herdier,0.9,14.7,65,80,65,35,65,60,normal,370,No
508,stoutland,1.2,61.0,85,110,90,45,90,80,normal,500,No
509,purrloin,0.4,10.1,41,50,37,50,37,66,dark,281,No
510,liepard,1.1,37.5,64,88,50,88,50,106,dark,446,No
511,pansage,0.6,10.5,50,53,48,53,48,64,grass,316,No
512,simisage,1.1,30.5,75,98,63,98,63,101,grass,498,No
513,pansear,0.6,11.0,50,53,48,53,48,64,fire,316,No
514,simisear,1.0,28.0,75,98,63,98,63,101,fire,498,No
515,panpour,0.6,13.5,50,53,48,53,48,64,water,316,No
516,simipour,1.0,29.0,75,98,63,98,63,101,water,498,No
517,munna,0.6,23.3,76,25,45,67,55,24,psychic,292,No
518,musharna,1.1,60.5,116,55,85,107,95,29,psychic,487,No
519,pidove,0.3,2.1,50,55,50,36,30,43,normal flying,264,No
520,tranquill,0.6,15.0,62,77,62,50,42,65,normal flying,358,No
521,unfezant,1.2,29.0,80,115,80,65,55,93,normal flying,488,No
522,blitzle,0.8,29.8,45,60,32,50,32,76,electric,295,No
523,zebstrika,1.6,79.5,75,100,63,80,63,116,electric,497,No
524,roggenrola,0.4,18.0,55,75,85,25,25,15,rock,280,No
525,boldore,0.9,102.0,70,105,105,50,40,20,rock,390,No
526,gigalith,1.7,260.0,85,135,130,60,80,25,rock,515,No
527,woobat,0.4,2.1,65,45,43,55,43,72,psychic flying,323,No
528,swoobat,0.9,10.5,67,57,55,77,55,114,psychic flying,425,No
529,drilbur,0.3,8.5,60,85,40,30,45,68,ground,328,No
530,excadrill,0.7,40.4,110,135,60,50,65,88,ground steel,508,No
531,audino,1.1,31.0,103,60,86,60,86,50,normal,445,Yes
532,timburr,0.6,12.5,75,80,55,25,35,35,fighting,305,No
533,gurdurr,1.2,40.0,85,105,85,40,50,40,fighting,405,No
534,conkeldurr,1.4,87.0,105,140,95,55,65,45,fighting,505,No
535,tympole,0.5,4.5,50,50,40,50,40,64,water,294,No
536,palpitoad,0.8,17.0,75,65,55,65,55,69,water ground,384,No
537,seismitoad,1.5,62.0,105,95,75,85,75,74,water ground,509,No
538,throh,1.3,55.5,120,100,85,30,85,45,fighting,465,Yes
539,sawk,1.4,51.0,75,125,75,30,75,85,fighting,465,Yes
540,sewaddle,0.3,2.5,45,53,70,40,60,42,bug grass,310,No
541,swadloon,0.5,7.3,55,63,90,50,80,42,bug grass,380,No
542,leavanny,1.2,20.5,75,103,80,70,80,92,bug grass,500,No
543,venipede,0.4,5.3,30,45,59,30,39,57,bug poison,260,No
544,whirlipede,1.2,58.5,40,55,99,40,79,47,bug poison,360,No
545,scolipede,2.5,200.5,60,100,89,55,69,112,bug poison,485,No
546,cottonee,0.3,0.6,40,27,60,37,50,66,grass fairy,280,No
547,whimsicott,0.7,6.6,60,67,85,77,75,116,grass fairy,480,No
548,petilil,0.5,6.6,45,35,50,70,50,30,grass,280,No
549,lilligant,1.1,16.3,70,60,75,110,75,90,grass,480,No
550,basculin,1.0,18.0,70,92,65,80,55,98,water,460,No
551,sandile,0.7,15.2,50,72,35,35,35,65,ground dark,292,No
552,krokorok,1.0,33.4,60,82,45,45,45,74,ground dark,351,No
553,krookodile,1.5,96.3,95,117,80,65,70,92,ground dark,519,No
554,darumaka,0.6,37.5,70,90,45,15,45,50,fire,315,No
555,darmanitan,1.3,92.9,105,140,55,30,55,95,fire,480,No
556,maractus,1.0,28.0,75,86,67,106,67,60,grass,461,Yes
557,dwebble,0.3,14.5,50,65,85,35,35,55,bug rock,325,No
558,crustle,1.4,200.0,70,105,125,65,75,45,bug rock,485,No
559,scraggy,0.6,11.8,50,75,70,35,70,48,dark fighting,348,No
560,scrafty,1.1,30.0,65,90,115,45,115,58,dark fighting,488,No
561,sigilyph,1.4,14.0,72,58,80,103,80,97,psychic flying,490,Yes
562,yamask,0.5,1.5,38,30,85,55,65,30,ghost,303,No
563,cofagrigus,1.7,76.5,58,50,145,95,105,30,ghost,483,No
564,tirtouga,0.7,16.5,54,78,103,53,45,22,water rock,355,No
565,carracosta,1.2,81.0,74,108,133,83,65,32,water rock,495,No
566,archen,0.5,9.5,55,112,45,74,45,70,rock flying,401,No
567,archeops,1.4,32.0,75,140,65,112,65,110,rock flying,567,No
568,trubbish,0.6,31.0,50,50,62,40,62,65,poison,329,No
569,garbodor,1.9,107.3,80,95,82,60,82,75,poison,474,No
570,zorua,0.7,12.5,40,65,40,80,40,65,dark,330,No
571,zoroark,1.6,81.1,60,105,60,120,60,105,dark,510,No
572,minccino,0.4,5.8,55,50,40,40,40,75,normal,300,No
573,cinccino,0.5,7.5,75,95,60,65,60,115,normal,470,No
574,gothita,0.4,5.8,45,30,50,55,65,45,psychic,290,No
575,gothorita,0.7,18.0,60,45,70,75,85,55,psychic,390,No
576,gothitelle,1.5,44.0,70,55,95,95,110,65,psychic,490,No
577,solosis,0.3,1.0,45,30,40,105,50,20,psychic,290,No
578,duosion,0.6,8.0,65,40,50,125,60,30,psychic,370,No
579,reuniclus,1.0,20.1,110,65,75,125,85,30,psychic,490,No
580,ducklett,0.5,5.5,62,44,50,44,50,55,water flying,305,No
581,swanna,1.3,24.2,75,87,63,87,63,98,water flying,473,No
582,vanillite,0.4,5.7,36,50,50,65,60,44,ice,305,No
583,vanillish,1.1,41.0,51,65,65,80,75,59,ice,395,No
584,vanilluxe,1.3,57.5,71,95,85,110,95,79,ice,535,No
585,deerling,0.6,19.5,60,60,50,40,50,75,normal grass,335,No
586,sawsbuck,1.9,92.5,80,100,70,60,70,95,normal grass,475,No
587,emolga,0.4,5.0,55,75,60,75,60,103,electric flying,428,Yes
588,karrablast,0.5,5.9,50,75,45,40,45,60,bug,315,No
589,escavalier,1.0,33.0,70,135,105,60,105,20,bug steel,495,No
590,foongus,0.2,1.0,69,55,45,55,55,15,grass poison,294,No
591,amoonguss,0.6,10.5,114,85,70,85,80,30,grass poison,464,No
592,frillish,1.2,33.0,55,40,50,65,85,40,water ghost,335,No
593,jellicent,2.2,135.0,100,60,70,85,105,60,water ghost,480,No
594,alomomola,1.2,31.6,165,75,80,40,45,65,water,470,Yes
595,joltik,0.1,0.6,50,47,50,57,50,65,bug electric,319,No
596,galvantula,0.8,14.3,70,77,60,97,60,108,bug electric,472,No
597,ferroseed,0.6,18.8,44,50,91,24,86,10,grass steel,305,No
598,ferrothorn,1.0,110.0,74,94,131,54,116,20,grass steel,489,No
599,klink,0.3,21.0,40,55,70,45,60,30,steel,300,No
600,klang,0.6,51.0,60,80,95,70,85,50,steel,440,No
601,klinklang,0.6,81.0,60,100,115,70,85,90,steel,520,No
602,tynamo,0.2,0.3,35,55,40,45,40,60,electric,275,No
603,eelektrik,1.2,22.0,65,85,70,75,70,40,electric,405,No
604,eelektross,2.1,80.5,85,115,80,105,80,50,electric,515,No
605,elgyem,0.5,9.0,55,55,55,85,55,30,psychic,335,No
606,beheeyem,1.0,34.5,75,75,75,125,95,40,psychic,485,No
607,litwick,0.3,3.1,50,30,55,65,55,20,ghost fire,275,No
608,lampent,0.6,13.0,60,40,60,95,60,55,ghost fire,370,No
609,chandelure,1.0,34.3,60,55,90,145,90,80,ghost fire,520,No
610,axew,0.6,18.0,46,87,60,30,40,57,dragon,320,No
611,fraxure,1.0,36.0,66,117,70,40,50,67,dragon,410,No
612,haxorus,1.8,105.5,76,147,90,60,70,97,dragon,540,No
613,cubchoo,0.5,8.5,55,70,40,60,40,40,ice,305,No
614,beartic,2.6,260.0,95,130,80,70,80,50,ice,505,No
615,cryogonal,1.1,148.0,80,50,50,95,135,105,ice,515,Yes
616,shelmet,0.4,7.7,50,40,85,40,65,25,bug,305,No
617,accelgor,0.8,25.3,80,70,40,100,60,145,bug,495,No
618,stunfisk,0.7,11.0,109,66,84,81,99,32,ground electric,471,Yes
619,mienfoo,0.9,20.0,45,85,50,55,50,65,fighting,350,No
620,mienshao,1.4,35.5,65,125,60,95,60,105,fighting,510,No
621,druddigon,1.6,139.0,77,120,90,60,90,48,dragon,485,Yes
622,golett,1.0,92.0,59,74,50,35,50,35,ground ghost,303,No
623,golurk,2.8,330.0,89,124,80,55,80,55,ground ghost,483,No
624,pawniard,0.5,10.2,45,85,70,40,40,60,dark steel,340,No
625,bisharp,1.6,70.0,65,125,100,60,70,70,dark steel,490,No
626,bouffalant,1.6,94.6,95,110,95,40,95,55,normal,490,Yes
627,rufflet,0.5,10.5,70,83,50,37,50,60,normal flying,350,No
628,braviary,1.5,41.0,100,123,75,57,75,80,normal flying,510,No
629,vullaby,0.5,9.0,70,55,75,45,65,60,dark flying,370,No
630,mandibuzz,1.2,39.5,110,65,105,55,95,80,dark flying,510,No
631,heatmor,1.4,58.0,85,97,66,105,66,65,fire,484,Yes
632,durant,0.3,33.0,58,109,112,48,48,109,bug steel,484,Yes
633,deino,0.8,17.3,52,65,50,45,50,38,dark dragon,300,No
634,zweilous,1.4,50.0,72,85,70,65,70,58,dark dragon,420,No
635,hydreigon,1.8,160.0,92,105,90,125,90,98,dark dragon,600,No
636,larvesta,1.1,28.8,55,85,55,50,55,60,bug fire,360,No
637,volcarona,1.6,46.0,85,60,65,135,105,100,bug fire,550,No
638,cobalion,2.1,250.0,91,90,129,90,72,108,steel fighting,580,Yes
639,terrakion,1.9,260.0,91,129,90,72,90,108,rock fighting,580,Yes
640,virizion,2.0,200.0,91,90,72,90,129,108,grass fighting,580,Yes
641,tornadus,1.5,63.0,79,115,70,125,80,111,flying,580,Yes
642,thundurus,1.5,61.0,79,115,70,125,80,111,electric flying,580,Yes
643,reshiram,3.2,330.0,100,120,100,150,120,90,dragon fire,680,Yes
644,zekrom,2.9,345.0,100,150,120,120,100,90,dragon electric,680,Yes
645,landorus,1.5,68.0,89,125,90,115,80,101,ground flying,600,Yes
646,kyurem,3.0,325.0,125,130,90,130,90,95,dragon ice,660,Yes
647,keldeo,1.4,48.5,91,72,90,129,90,108,water fighting,580,Yes
648,meloetta,0.6,6.5,100,77,77,128,128,90,normal psychic,600,Yes
649,genesect,1.5,82.5,71,120,95,120,95,99,bug steel,600,Yes
650,chespin,0.4,9.0,56,61,65,48,45,38,grass,313,No
651,quilladin,0.7,29.0,61,78,95,56,58,57,grass,405,No
652,chesnaught,1.6,90.0,88,107,122,74,75,64,grass fighting,530,No
653,fennekin,0.4,9.4,40,45,40,62,60,60,fire,307,No
654,braixen,1.0,14.5,59,59,58,90,70,73,fire,409,No
655,delphox,1.5,39.0,75,69,72,114,100,104,fire psychic,534,No
656,froakie,0.3,7.0,41,56,40,62,44,71,water,314,No
657,frogadier,0.6,10.9,54,63,52,83,56,97,water,405,No
658,greninja,1.5,40.0,72,95,67,103,71,122,water dark,530,No
659,bunnelby,0.4,5.0,38,36,38,32,36,57,normal,237,No
660,diggersby,1.0,42.4,85,56,77,50,77,78,normal ground,423,No
661,fletchling,0.3,1.7,45,50,43,40,38,62,normal flying,278,No
662,fletchinder,0.7,16.0,62,73,55,56,52,84,fire flying,382,No
663,talonflame,1.2,24.5,78,81,71,74,69,126,fire flying,499,No
664,scatterbug,0.3,2.5,38,35,40,27,25,35,bug,200,No
665,spewpa,0.3,8.4,45,22,60,27,30,29,bug,213,No
666,vivillon,1.2,17.0,80,52,50,90,50,89,bug flying,411,No
667,litleo,0.6,13.5,62,50,58,73,54,72,fire normal,369,No
668,pyroar,1.5,81.5,86,68,72,109,66,106,fire normal,507,No
669,flabebe,0.1,0.1,44,38,39,61,79,42,fairy,303,No
670,floette,0.2,0.9,54,45,47,75,98,52,fairy,371,No
671,florges,1.1,10.0,78,65,68,112,154,75,fairy,552,No
672,skiddo,0.9,31.0,66,65,48,62,57,52,grass,350,No
673,gogoat,1.7,91.0,123,100,62,97,81,68,grass,531,No
674,pancham,0.6,8.0,67,82,62,46,48,43,fighting,348,No
675,pangoro,2.1,136.0,95,124,78,69,71,58,fighting dark,495,No
676,furfrou,1.2,28.0,75,80,60,65,90,102,normal,472,Yes
677,espurr,0.3,3.5,62,48,54,63,60,68,psychic,355,No
678,meowstic,0.6,8.5,74,48,76,83,81,104,psychic,466,No
679,honedge,0.8,2.0,45,80,100,35,37,28,steel ghost,325,No
680,doublade,0.8,4.5,59,110,150,45,49,35,steel ghost,448,No
681,aegislash,1.7,53.0,60,50,140,50,140,60,steel ghost,500,No
682,spritzee,0.2,0.5,78,52,60,63,65,23,fairy,341,No
683,aromatisse,0.8,15.5,101,72,72,99,89,29,fairy,462,No
684,swirlix,0.4,3.5,62,48,66,59,57,49,fairy,341,No
685,slurpuff,0.8,5.0,82,80,86,85,75,72,fairy,480,No
686,inkay,0.4,3.5,53,54,53,37,46,45,dark psychic,288,No
687,malamar,1.5,47.0,86,92,88,68,75,73,dark psychic,482,No
688,binacle,0.5,31.0,42,52,67,39,56,50,rock water,306,No
689,barbaracle,1.3,96.0,72,105,115,54,86,68,rock water,500,No
690,skrelp,0.5,7.3,50,60,60,60,60,30,poison water,320,No
691,dragalge,1.8,81.5,65,75,90,97,123,44,poison dragon,494,No
692,clauncher,0.5,8.3,50,53,62,58,63,44,water,330,No
693,clawitzer,1.3,35.3,71,73,88,120,89,59,water,500,No
694,helioptile,0.5,6.0,44,38,33,61,43,70,electric normal,289,No
695,heliolisk,1.0,21.0,62,55,52,109,94,109,electric normal,481,No
696,tyrunt,0.8,26.0,58,89,77,45,45,48,rock dragon,362,No
697,tyrantrum,2.5,270.0,82,121,119,69,59,71,rock dragon,521,No
698,amaura,1.3,25.2,77,59,50,67,63,46,rock ice,362,No
699,aurorus,2.7,225.0,123,77,72,99,92,58,rock ice,521,No
700,sylveon,1.0,23.5,95,65,65,110,130,60,fairy,525,No
701,hawlucha,0.8,21.5,78,92,75,74,63,118,fighting flying,500,Yes
702,dedenne,0.2,2.2,67,58,57,81,67,101,electric fairy,431,Yes
703,carbink,0.3,5.7,50,50,150,50,150,50,rock fairy,500,Yes
704,goomy,0.3,2.8,45,50,35,55,75,40,dragon,300,No
705,sliggoo,0.8,17.5,68,75,53,83,113,60,dragon,452,No
706,goodra,2.0,150.5,90,100,70,110,150,80,dragon,600,No
707,klefki,0.2,3.0,57,80,91,80,87,75,steel fairy,470,Yes
708,phantump,0.4,7.0,43,70,48,50,60,38,ghost grass,309,No
709,trevenant,1.5,71.0,85,110,76,65,82,56,ghost grass,474,No
710,pumpkaboo,0.4,5.0,49,66,70,44,55,51,ghost grass,335,No
711,gourgeist,0.9,12.5,65,90,122,58,75,84,ghost grass,494,No
712,bergmite,1.0,99.5,55,69,85,32,35,28,ice,304,No
713,avalugg,2.0,505.0,95,117,184,44,46,28,ice,514,No
714,noibat,0.5,8.0,40,30,35,45,40,55,flying dragon,245,No
715,noivern,1.5,85.0,85,70,80,97,80,123,flying dragon,535,No
716,xerneas,3.0,215.0,126,131,95,131,98,99,fairy,680,Yes
717,yveltal,5.8,203.0,126,131,95,131,98,99,dark flying,680,Yes
718,zygarde,5.0,305.0,108,100,121,81,95,95,dragon ground,600,Yes
719,diancie,0.7,8.8,50,100,150,100,150,50,rock fairy,600,Yes
720,hoopa,0.5,9.0,80,110,60,150,130,70,psychic ghost,600,Yes
721,volcanion,1.7,195.0,80,110,120,130,90,70,fire water,600,Yes
722,rowlet,0.3,1.5,68,55,55,50,50,42,grass flying,320,No
723,dartrix,0.7,16.0,78,75,75,70,70,52,grass flying,420,No
724,decidueye,1.6,36.6,78,107,75,100,100,70,grass ghost,530,No
725,litten,0.4,4.3,45,65,40,60,40,70,fire,320,No
726,torracat,0.7,25.0,65,85,50,80,50,90,fire,420,No
727,incineroar,1.8,83.0,95,115,90,80,90,60,fire dark,530,No
728,popplio,0.4,7.5,50,54,54,66,56,40,water,320,No
729,brionne,0.6,17.5,60,69,69,91,81,50,water,420,No
730,primarina,1.8,44.0,80,74,74,126,116,60,water fairy,530,No
731,pikipek,0.3,1.2,35,75,30,30,30,65,normal flying,265,No
732,trumbeak,0.6,14.8,55,85,50,40,50,75,normal flying,355,No
733,toucannon,1.1,26.0,80,120,75,75,75,60,normal flying,485,No
734,yungoos,0.4,6.0,48,70,30,30,30,45,normal,253,No
735,gumshoos,0.7,14.2,88,110,60,55,60,45,normal,418,No
736,grubbin,0.4,4.4,47,62,45,55,45,46,bug,300,No
737,charjabug,0.5,10.5,57,82,95,55,75,36,bug electric,400,No
738,vikavolt,1.5,45.0,77,70,90,145,75,43,bug electric,500,No
739,crabrawler,0.6,7.0,47,82,57,42,47,63,fighting,338,No
740,crabominable,1.7,180.0,97,132,77,62,67,43,fighting ice,478,No
741,oricorio,0.6,3.4,75,70,70,98,70,93,fire flying,476,Yes
742,cutiefly,0.1,0.2,40,45,40,55,40,84,bug fairy,304,No
743,ribombee,0.2,0.5,60,55,60,95,70,124,bug fairy,464,No
744,rockruff,0.5,9.2,45,65,40,30,40,60,rock,280,No
745,lycanroc,0.8,25.0,75,115,65,55,65,112,rock,487,No
746,wishiwashi,0.2,0.3,45,20,20,25,25,40,water,175,Yes
747,mareanie,0.4,8.0,50,53,62,43,52,45,poison water,305,No
748,toxapex,0.7,14.5,50,63,152,53,142,35,poison water,495,No
749,mudbray,1.0,110.0,70,100,70,45,55,45,ground,385,No
750,mudsdale,2.5,920.0,100,125,100,55,85,35,ground,500,No
751,dewpider,0.3,4.0,38,40,52,40,72,27,water bug,269,No
752,araquanid,1.8,82.0,68,70,92,50,132,42,water bug,454,No
753,fomantis,0.3,1.5,40,55,35,50,35,35,grass,250,No
754,lurantis,0.9,18.5,70,105,90,80,90,45,grass,480,No
755,morelull,0.2,1.5,40,35,55,65,75,15,grass fairy,285,No
756,shiinotic,1.0,11.5,60,45,80,90,100,30,grass fairy,405,No
757,salandit,0.6,4.8,48,44,40,71,40,77,poison fire,320,No
758,salazzle,1.2,22.2,68,64,60,111,60,117,poison fire,480,No
759,stufful,0.5,6.8,70,75,50,45,50,50,normal fighting,340,No
760,bewear,2.1,135.0,120,125,80,55,60,60,normal fighting,500,No
761,bounsweet,0.3,3.2,42,30,38,30,38,32,grass,210,No
762,steenee,0.7,8.2,52,40,48,40,48,62,grass,290,No
763,tsareena,1.2,21.4,72,120,98,50,98,72,grass,510,No
764,comfey,0.1,0.3,51,52,90,82,110,100,fairy,485,Yes
765,oranguru,1.5,76.0,90,60,80,90,110,60,normal psychic,490,Yes
766,passimian,2.0,82.8,100,120,90,40,60,80,fighting,490,Yes
767,wimpod,0.5,12.0,25,35,40,20,30,80,bug water,230,No
768,golisopod,2.0,108.0,75,125,140,60,90,40,bug water,530,No
769,sandygast,0.5,70.0,55,55,80,70,45,15,ghost ground,320,No
770,palossand,1.3,250.0,85,75,110,100,75,35,ghost ground,480,No
771,pyukumuku,0.3,1.2,55,60,130,30,130,5,water,410,Yes
772,type-null,1.9,120.5,95,95,95,95,95,59,normal,534,No
773,silvally,2.3,100.5,95,95,95,95,95,95,normal,570,No
774,minior,0.3,40.0,60,60,100,60,100,60,rock flying,440,Yes
775,komala,0.4,19.9,65,115,65,75,95,65,normal,480,Yes
776,turtonator,2.0,212.0,60,78,135,91,85,36,fire dragon,485,Yes
777,togedemaru,0.3,3.3,65,98,63,40,73,96,electric steel,435,Yes
778,mimikyu,0.2,0.7,55,90,80,50,105,96,ghost fairy,476,Yes
779,bruxish,0.9,19.0,68,105,70,70,70,92,water psychic,475,Yes
780,drampa,3.0,185.0,78,60,85,135,91,36,normal dragon,485,Yes
781,dhelmise,3.9,210.0,70,131,100,86,90,40,ghost grass,517,Yes
782,jangmo-o,0.6,29.7,45,55,65,45,45,45,dragon,300,No
783,hakamo-o,1.2,47.0,55,75,90,65,70,65,dragon fighting,420,No
784,kommo-o,1.6,78.2,75,110,125,100,105,85,dragon fighting,600,No
785,tapu-koko,1.8,20.5,70,115,85,95,75,130,electric fairy,570,Yes
786,tapu-lele,1.2,18.6,70,85,75,130,115,95,psychic fairy,570,Yes
787,tapu-bulu,1.9,45.5,70,130,115,85,95,75,grass fairy,570,Yes
788,tapu-fini,1.3,21.2,70,75,115,95,130,85,water fairy,570,Yes
789,cosmog,0.2,0.1,43,29,31,29,31,37,psychic,200,No
790,cosmoem,0.1,999.9,43,29,131,29,131,37,psychic,400,No
791,solgaleo,3.4,230.0,137,137,107,113,89,97,psychic steel,680,No
792,lunala,4.0,120.0,137,113,89,137,107,97,psychic ghost,680,No
793,nihilego,1.2,55.5,109,53,47,127,131,103,rock poison,570,Yes
794,buzzwole,2.4,333.6,107,139,139,53,53,79,bug fighting,570,Yes
795,pheromosa,1.8,25.0,71,137,37,137,37,151,bug fighting,570,Yes
796,xurkitree,3.8,100.0,83,89,71,173,71,83,electric,570,Yes
797,celesteela,9.2,999.9,97,101,103,107,101,61,steel flying,570,Yes
798,kartana,0.3,0.1,59,181,131,59,31,109,grass steel,570,Yes
799,guzzlord,5.5,888.0,223,101,53,97,53,43,dark dragon,570,Yes
800,necrozma,2.4,230.0,97,107,101,127,89,79,psychic,600,Yes
801,magearna,1.0,80.5,80,95,115,130,115,65,steel fairy,600,Yes
802,marshadow,0.7,22.2,90,125,80,90,90,125,fighting ghost,600,Yes
803,poipole,0.6,1.8,67,73,67,73,67,73,poison,420,No
804,naganadel,3.6,150.0,73,73,73,127,73,121,poison dragon,540,No
805,stakataka,5.5,820.0,61,131,211,53,101,13,rock steel,570,Yes
806,blacephalon,1.8,13.0,53,127,53,151,79,107,fire ghost,570,Yes
807,zeraora,1.5,44.5,88,112,75,102,80,143,electric,600,Yes
808,meltan,0.2,8.0,46,65,65,55,35,34,steel,300,Yes
809,melmetal,2.5,800.0,135,143,143,80,65,34,steel,600,Yes
810,grookey,0.3,5.0,50,65,50,40,40,65,grass,310,No
811,thwackey,0.7,14.0,70,85,70,55,60,80,grass,420,No
812,rillaboom,2.1,90.0,100,125,90,60,70,85,grass,530,No
813,scorbunny,0.3,4.5,50,71,40,40,40,69,fire,310,No
814,raboot,0.6,9.0,65,86,60,55,60,94,fire,420,No
815,cinderace,1.4,33.0,80,116,75,65,75,119,fire,530,No
816,sobble,0.3,4.0,50,40,40,70,40,70,water,310,No
817,drizzile,0.7,11.5,65,60,55,95,55,90,water,420,No
818,inteleon,1.9,45.2,70,85,65,125,65,120,water,530,No
819,skwovet,0.3,2.5,70,55,55,35,35,25,normal,275,No
820,greedent,0.6,6.0,120,95,95,55,75,20,normal,460,No
821,rookidee,0.2,1.8,38,47,35,33,35,57,flying,245,No
822,corvisquire,0.8,16.0,68,67,55,43,55,77,flying,365,No
823,corviknight,2.2,75.0,98,87,105,53,85,67,flying steel,495,No
824,blipbug,0.4,8.0,25,20,20,25,45,45,bug,180,No
825,dottler,0.4,19.5,50,35,80,50,90,30,bug psychic,335,No
826,orbeetle,0.4,40.8,60,45,110,80,120,90,bug psychic,505,No
827,nickit,0.6,8.9,40,28,28,47,52,50,dark,245,No
828,thievul,1.2,19.9,70,58,58,87,92,90,dark,455,No
829,gossifleur,0.4,2.2,40,40,60,40,60,10,grass,250,No
830,eldegoss,0.5,2.5,60,50,90,80,120,60,grass,460,No
831,wooloo,0.6,6.0,42,40,55,40,45,48,normal,270,No
832,dubwool,1.3,43.0,72,80,100,60,90,88,normal,490,No
833,chewtle,0.3,8.5,50,64,50,38,38,44,water,284,No
834,drednaw,1.0,115.5,90,115,90,48,68,74,water rock,485,No
835,yamper,0.3,13.5,59,45,50,40,50,26,electric,270,No
836,boltund,1.0,34.0,69,90,60,90,60,121,electric,490,No
837,rolycoly,0.3,12.0,30,40,50,40,50,30,rock,240,No
838,carkol,1.1,78.0,80,60,90,60,70,50,rock fire,410,No
839,coalossal,2.8,310.5,110,80,120,80,90,30,rock fire,510,No
840,applin,0.2,0.5,40,40,80,40,40,20,grass dragon,260,No
841,flapple,0.3,1.0,70,110,80,95,60,70,grass dragon,485,No
842,appletun,0.4,13.0,110,85,80,100,80,30,grass dragon,485,No
843,silicobra,2.2,7.6,52,57,75,35,50,46,ground,315,No
844,sandaconda,3.8,65.5,72,107,125,65,70,71,ground,510,No
845,cramorant,0.8,18.0,70,85,55,85,95,85,flying water,475,Yes
846,arrokuda,0.5,1.0,41,63,40,40,30,66,water,280,No
847,barraskewda,1.3,30.0,61,123,60,60,50,136,water,490,No
848,toxel,0.4,11.0,40,38,35,54,35,40,electric poison,242,No
849,toxtricity,1.6,40.0,75,98,70,114,70,75,electric poison,502,No
850,sizzlipede,0.7,1.0,50,65,45,50,50,45,fire bug,305,No
851,centiskorch,3.0,120.0,100,115,65,90,90,65,fire bug,525,No
852,clobbopus,0.6,4.0,50,68,60,50,50,32,fighting,310,No
853,grapploct,1.6,39.0,80,118,90,70,80,42,fighting,480,No
854,sinistea,0.1,0.2,40,45,45,74,54,50,ghost,308,No
855,polteageist,0.2,0.4,60,65,65,134,114,70,ghost,508,No
856,hatenna,0.4,3.4,42,30,45,56,53,39,psychic,265,No
857,hattrem,0.6,4.8,57,40,65,86,73,49,psychic,370,No
858,hatterene,2.1,5.1,57,90,95,136,103,29,psychic fairy,510,No
859,impidimp,0.4,5.5,45,45,30,55,40,50,dark fairy,265,No
860,morgrem,0.8,12.5,65,60,45,75,55,70,dark fairy,370,No
861,grimmsnarl,1.5,61.0,95,120,65,95,75,60,dark fairy,510,No
862,obstagoon,1.6,46.0,93,90,101,60,81,95,dark normal,520,No
863,perrserker,0.8,28.0,70,110,100,50,60,50,steel,440,No
864,cursola,1.0,0.4,60,95,50,145,130,30,ghost,510,No
865,sirfetchd,0.8,117.0,62,135,95,68,82,65,fighting,507,No
866,mr-rime,1.5,58.2,80,85,75,110,100,70,ice psychic,520,No
867,runerigus,1.6,66.6,58,95,145,50,105,30,ground ghost,483,No
868,milcery,0.2,0.3,45,40,40,50,61,34,fairy,270,No
869,alcremie,0.3,0.5,65,60,75,110,121,64,fairy,495,No
870,falinks,3.0,62.0,65,100,100,70,60,75,fighting,470,Yes
871,pincurchin,0.3,1.0,48,101,95,91,85,15,electric,435,Yes
872,snom,0.3,3.8,30,25,35,45,30,20,ice bug,185,No
873,frosmoth,1.3,42.0,70,65,60,125,90,65,ice bug,475,No
874,stonjourner,2.5,520.0,100,125,135,20,20,70,rock,470,Yes
875,eiscue,1.4,89.0,75,80,110,65,90,50,ice,470,Yes
876,indeedee,0.9,28.0,60,65,55,105,95,95,psychic normal,475,Yes
877,morpeko,0.3,3.0,58,95,58,70,58,97,electric dark,436,Yes
878,cufant,1.2,100.0,72,80,49,40,49,40,steel,330,No
879,copperajah,3.0,650.0,122,130,69,80,69,30,steel,500,No
880,dracozolt,1.8,190.0,90,100,90,80,70,75,electric dragon,505,Yes
881,arctozolt,2.3,150.0,90,100,90,90,80,55,electric ice,505,Yes
882,dracovish,2.3,215.0,90,90,100,70,80,75,water dragon,505,Yes
883,arctovish,2.0,175.0,90,90,100,80,90,55,water ice,505,Yes
884,duraludon,1.8,40.0,70,95,115,120,50,85,steel dragon,535,No
885,dreepy,0.5,2.0,28,60,30,40,30,82,dragon ghost,270,No
886,drakloak,1.4,11.0,68,80,50,60,50,102,dragon ghost,410,No
887,dragapult,3.0,50.0,88,120,75,100,75,142,dragon ghost,600,No
888,zacian,2.8,110.0,92,120,115,80,115,138,fairy,660,Yes
889,zamazenta,2.9,210.0,92,120,115,80,115,138,fighting,660,Yes
890,eternatus,20.0,950.0,140,85,95,145,95,130,poison dragon,690,Yes
891,kubfu,0.6,12.0,60,90,60,53,50,72,fighting,385,No
892,urshifu,1.9,105.0,100,130,100,63,60,97,fighting dark,550,No
893,zarude,1.8,70.0,105,120,105,70,95,105,dark grass,600,Yes
894,regieleki,1.2,145.0,80,100,50,100,50,200,electric,580,Yes
895,regidrago,2.1,200.0,200,100,50,100,50,80,dragon,580,Yes
896,glastrier,2.2,800.0,100,145,130,65,110,30,ice,580,Yes
897,spectrier,2.0,44.5,100,65,60,145,80,130,ghost,580,Yes
898,calyrex,1.1,7.7,100,80,80,80,80,80,psychic grass,500,Yes
899,wyrdeer,1.8,95.1,103,105,72,105,75,65,normal psychic,525,No
900,kleavor,1.8,89.0,70,135,95,45,70,85,bug rock,500,No
901,ursaluna,2.4,290.0,130,140,105,45,80,50,ground normal,550,No
902,basculegion,3.0,110.0,120,112,65,80,75,78,water ghost,530,No
903,sneasler,1.3,43.0,80,130,60,40,80,120,fighting poison,510,No
904,overqwil,2.5,60.5,85,115,95,65,65,85,dark poison,510,No
905,enamorus,1.6,48.0,74,115,70,135,80,106,fairy flying,580,Yes
906,sprigatito,0.4,4.1,40,61,54,45,45,65,grass,310,No
907,floragato,0.9,12.2,61,80,63,60,63,83,grass,410,No
908,meowscarada,1.5,31.2,76,110,70,81,70,123,grass dark,530,No
909,fuecoco,0.4,9.8,67,45,59,63,40,36,fire,310,No
910,crocalor,1.0,30.7,81,55,78,90,58,49,fire,411,No
911,skeledirge,1.6,326.5,104,75,100,110,75,66,fire ghost,530,No
912,quaxly,0.5,6.1,55,65,45,50,45,50,water,310,No
913,quaxwell,1.2,21.5,70,85,65,65,60,65,water,410,No
914,quaquaval,1.8,61.9,85,120,80,85,75,85,water fighting,530,No
915,lechonk,0.5,10.2,54,45,40,35,45,35,normal,254,No
916,oinkologne,1.0,120.0,110,100,75,59,80,65,normal,489,No
917,tarountula,0.3,4.0,35,41,45,29,40,20,bug,210,No
918,spidops,1.0,16.5,60,79,92,52,86,35,bug,404,No
919,nymble,0.2,1.0,33,46,40,21,25,45,bug,210,No
920,lokix,1.0,17.5,71,102,78,52,55,92,bug dark,450,No
921,pawmi,0.3,2.5,45,50,20,40,25,60,electric,240,No
922,pawmo,0.4,6.5,60,75,40,50,40,85,electric fighting,350,No
923,pawmot,0.9,41.0,70,115,70,70,60,105,electric fighting,490,No
924,tandemaus,0.3,1.8,50,50,45,40,45,75,normal,305,No
925,maushold,0.3,2.3,74,75,70,65,75,111,normal,470,No
926,fidough,0.3,10.9,37,55,70,30,55,65,fairy,312,No
927,dachsbun,0.5,14.9,57,80,115,50,80,95,fairy,477,No
928,smoliv,0.3,6.5,41,35,45,58,51,30,grass normal,260,No
929,dolliv,0.6,11.9,52,53,60,78,78,33,grass normal,354,No
930,arboliva,1.4,48.2,78,69,90,125,109,39,grass normal,510,No
931,squawkabilly,0.6,2.4,82,96,51,45,51,92,normal flying,417,Yes
932,nacli,0.4,16.0,55,55,75,35,35,25,rock,280,No
933,naclstack,0.6,105.0,60,60,100,35,65,35,rock,355,No
934,garganacl,2.3,240.0,100,100,130,45,90,35,rock,500,No
935,charcadet,0.6,10.5,40,50,40,50,40,35,fire,255,No
936,armarouge,1.5,85.0,85,60,100,125,80,75,fire psychic,525,No
937,ceruledge,1.6,62.0,75,125,80,60,100,85,fire ghost,525,No
938,tadbulb,0.3,0.4,61,31,41,59,35,45,electric,272,No
939,bellibolt,1.2,113.0,109,64,91,103,83,45,electric,495,No
940,wattrel,0.4,3.6,40,40,35,55,40,70,electric flying,280,No
941,kilowattrel,1.4,38.6,70,70,60,105,60,125,electric flying,490,No
942,maschiff,0.5,16.0,60,78,60,40,51,51,dark,340,No
943,mabosstiff,1.1,61.0,80,120,90,60,70,85,dark,505,No
944,shroodle,0.2,0.7,40,65,35,40,35,75,poison normal,290,No
945,grafaiai,0.7,27.2,63,95,65,80,72,110,poison normal,485,No
946,bramblin,0.6,0.6,40,65,30,45,35,60,grass ghost,275,No
947,brambleghast,1.2,6.0,55,115,70,80,70,90,grass ghost,480,No
948,toedscool,0.9,33.0,40,40,35,50,100,70,ground grass,335,No
949,toedscruel,1.9,58.0,80,70,65,80,120,100,ground grass,515,No
950,klawf,1.3,79.0,70,100,115,35,55,75,rock,450,Yes
951,capsakid,0.3,3.0,50,62,40,62,40,50,grass,304,No
952,scovillain,0.9,15.0,65,108,65,108,65,75,grass fire,486,No
953,rellor,0.2,1.0,41,50,60,31,58,30,bug,270,No
954,rabsca,0.3,3.5,75,50,85,115,100,45,bug psychic,470,No
955,flittle,0.2,1.5,30,35,30,55,30,75,psychic,255,No
956,espathra,1.9,90.0,95,60,60,101,60,105,psychic,481,No
957,tinkatink,0.4,8.9,50,45,45,35,64,58,fairy steel,297,No
958,tinkatuff,0.7,59.1,65,55,55,45,82,78,fairy steel,380,No
959,tinkaton,0.7,112.8,85,75,77,70,105,94,fairy steel,506,No
960,wiglett,1.2,1.8,10,55,25,35,25,95,water,245,No
961,wugtrio,1.2,5.4,35,100,50,50,70,120,water,425,No
962,bombirdier,1.5,42.9,70,103,85,60,85,82,flying dark,485,Yes
963,finizen,1.3,60.2,70,45,40,45,40,75,water,315,No
964,palafin,1.3,60.2,100,70,72,53,62,100,water,457,No
965,varoom,1.0,35.0,45,70,63,30,45,47,steel poison,300,No
966,revavroom,1.8,120.0,80,119,90,54,67,90,steel poison,500,No
967,cyclizar,1.6,63.0,70,95,65,85,65,121,dragon normal,501,Yes
968,orthworm,2.5,310.0,70,85,145,60,55,65,steel,480,Yes
969,glimmet,0.7,8.0,48,35,42,105,60,60,rock poison,350,No
970,glimmora,1.5,45.0,83,55,90,130,81,86,rock poison,525,No
971,greavard,0.6,35.0,50,61,60,30,55,34,ghost,290,No
972,houndstone,2.0,15.0,72,101,100,50,97,68,ghost,488,No
973,flamigo,1.6,37.0,82,115,74,75,64,90,flying fighting,500,Yes
974,cetoddle,1.2,45.0,108,68,45,30,40,43,ice,334,No
975,cetitan,4.5,700.0,170,113,65,45,55,73,ice,521,No
976,veluza,2.5,90.0,90,102,73,78,65,70,water psychic,478,Yes
977,dondozo,12.0,220.0,150,100,115,65,65,35,water,530,Yes
978,tatsugiri,0.3,8.0,68,50,60,120,95,82,dragon water,475,Yes
979,annihilape,1.2,56.0,110,115,80,50,90,90,fighting ghost,535,No
980,clodsire,1.8,223.0,130,75,60,45,100,20,poison ground,430,No
981,farigiraf,3.2,160.0,120,90,70,110,70,60,normal psychic,520,No
982,dudunsparce,3.6,39.2,125,100,80,85,75,55,normal,520,No
983,kingambit,2.0,120.0,100,135,120,60,85,50,dark steel,550,No
984,great-tusk,2.2,320.0,115,131,131,53,53,87,ground fighting,570,Yes
985,scream-tail,1.2,8.0,115,65,99,65,115,111,fairy psychic,570,Yes
986,brute-bonnet,1.2,21.0,111,127,99,79,99,55,grass dark,570,Yes
987,flutter-mane,1.4,4.0,55,55,55,135,135,135,ghost fairy,570,Yes
988,slither-wing,3.2,92.0,85,135,79,85,105,81,bug fighting,570,Yes
989,sandy-shocks,2.3,60.0,85,81,97,121,85,101,electric ground,570,Yes
990,iron-treads,0.9,240.0,90,112,120,72,70,106,ground steel,570,Yes
991,iron-bundle,0.6,11.0,56,80,114,124,60,136,ice water,570,Yes
992,iron-hands,1.8,380.7,154,140,108,50,68,50,fighting electric,570,Yes
993,iron-jugulis,1.3,111.0,94,80,86,122,80,108,dark flying,570,Yes
994,iron-moth,1.2,36.0,80,70,60,140,110,110,fire poison,570,Yes
995,iron-thorns,1.6,303.0,100,134,110,70,84,72,rock electric,570,Yes
996,frigibax,0.5,17.0,65,75,45,35,45,55,dragon ice,320,No
997,arctibax,0.8,30.0,90,95,66,45,65,62,dragon ice,423,No
998,baxcalibur,2.1,210.0,115,145,92,75,86,87,dragon ice,600,No
999,gimmighoul,0.3,5.0,45,30,70,75,70,10,ghost,300,No
1000,gholdengo,1.2,30.0,87,60,95,133,91,84,steel ghost,550,No
1001,wo-chien,1.5,74.2,85,85,100,95,135,70,dark grass,570,Yes
1002,chien-pao,1.9,152.2,80,120,80,90,65,135,dark ice,570,Yes
1003,ting-lu,2.7,699.7,155,110,125,55,80,45,dark ground,570,Yes
1004,chi-yu,0.4,4.9,55,80,80,135,120,100,dark fire,570,Yes
1005,roaring-moon,2.0,380.0,105,139,71,55,101,119,dragon dark,590,Yes
1006,iron-valiant,1.4,35.0,74,130,90,120,60,116,fairy fighting,590,Yes
1007,koraidon,2.5,303.0,100,135,115,85,100,135,fighting dragon,670,Yes
1008,miraidon,3.5,240.0,100,85,100,135,115,135,electric dragon,670,Yes
1009,walking-wake,3.5,280.0,99,83,91,125,83,109,water dragon,590,Yes
1010,iron-leaves,1.5,125.0,90,130,88,70,108,104,grass psychic,590,Yes
1011,dipplin,0.4,9.7,80,80,110,95,80,40,grass dragon,485,No
1012,poltchageist,0.1,1.1,40,45,45,74,54,50,grass ghost,308,No
1013,sinistcha,0.2,2.2,71,60,106,121,80,70,grass ghost,508,No
1014,okidogi,1.8,92.2,88,128,115,58,86,80,poison fighting,555,Yes
1015,munkidori,1.0,12.2,88,75,66,130,90,106,poison psychic,555,Yes
1016,fezandipiti,1.4,30.1,88,91,82,70,125,99,poison fairy,555,Yes
1017,ogerpon,1.2,39.8,80,120,84,60,96,110,grass,550,Yes
1018,archaludon,2.0,60.0,90,105,130,125,65,85,steel dragon,600,No
1019,hydrapple,1.8,93.0,106,80,110,120,80,44,grass dragon,540,No
1020,gouging-fire,3.5,590.0,105,115,121,65,93,91,fire dragon,590,Yes
1021,raging-bolt,5.2,480.0,125,73,91,137,89,75,electric dragon,590,Yes
1022,iron-boulder,1.5,162.5,90,120,80,68,108,124,rock psychic,590,Yes
1023,iron-crown,1.6,156.0,90,72,100,122,108,98,steel psychic,590,Yes
1024,terapagos,0.2,6.5,90,65,85,65,85,60,normal,450,Yes
1025,pecharunt,0.3,0.3,88,88,160,88,88,88,poison ghost,600,Yes
